accent,age_english_onset,age_sex,audio_url,birth_place,english_learning_method,local_audio_path,native_language,other_languages,speaker_url,years_in_english_country
spanish,17,"24, male",https://accent.gmu.edu/soundtracks/spanish1.mp3,"caracas, venezuela",academic,/content/drive/MyDrive/Fall25/EE502/FinalProjects/Ch24/data/spanish/spanish1.mp3,spanish,none,https://accent.gmu.edu/browse_language.php?function=detail&speakerid=323,
spanish,12,"20, male",https://accent.gmu.edu/soundtracks/spanish2.mp3,"puerto la cruz, venezuela",academic,/content/drive/MyDrive/Fall25/EE502/FinalProjects/Ch24/data/spanish/spanish2.mp3,spanish,german,https://accent.gmu.edu/browse_language.php?function=detail&speakerid=334,
spanish,16,"17, female",https://accent.gmu.edu/soundtracks/spanish3.mp3,"bogota, colombia",academic,/content/drive/MyDrive/Fall25/EE502/FinalProjects/Ch24/data/spanish/spanish3.mp3,spanish,none,https://accent.gmu.edu/browse_language.php?function=detail&speakerid=344,
spanish,17,"21, female",https://accent.gmu.edu/soundtracks/spanish4.mp3,"cabanas, el salvador",academic,/content/drive/MyDrive/Fall25/EE502/FinalProjects/Ch24/data/spanish/spanish4.mp3,spanish,none,https://accent.gmu.edu/browse_language.php?function=detail&speakerid=345,
spanish,13,"52, female",https://accent.gmu.edu/soundtracks/spanish5.mp3,"bogota, colombia",naturalistic,/content/drive/MyDrive/Fall25/EE502/FinalProjects/Ch24/data/spanish/spanish5.mp3,spanish,french german,https://accent.gmu.edu/browse_language.php?function=detail&speakerid=346,
spanish,19,"20, male",https://accent.gmu.edu/soundtracks/spanish6.mp3,"lima, peru",academic,/content/drive/MyDrive/Fall25/EE502/FinalProjects/Ch24/data/spanish/spanish6.mp3,spanish,none,https://accent.gmu.edu/browse_language.php?function=detail&speakerid=347,
spanish,20,"21, female",https://accent.gmu.edu/soundtracks/spanish7.mp3,"bogota, colombia",academic,/content/drive/MyDrive/Fall25/EE502/FinalProjects/Ch24/data/spanish/spanish7.mp3,spanish,arabic french german swedish esperanto,https://accent.gmu.edu/browse_language.php?function=detail&speakerid=348,
spanish,12,"21, male",https://accent.gmu.edu/soundtracks/spanish8.mp3,"san salvador, el salvador",academic,/content/drive/MyDrive/Fall25/EE502/FinalProjects/Ch24/data/spanish/spanish8.mp3,spanish,none,https://accent.gmu.edu/browse_language.php?function=detail&speakerid=349,
spanish,17,"20, male",https://accent.gmu.edu/soundtracks/spanish9.mp3,"araure, venezuela",academic,/content/drive/MyDrive/Fall25/EE502/FinalProjects/Ch24/data/spanish/spanish9.mp3,spanish,none,https://accent.gmu.edu/browse_language.php?function=detail&speakerid=350,
spanish,47,"48, male",https://accent.gmu.edu/soundtracks/spanish10.mp3,"san luis de la reina, el salvador",academic,/content/drive/MyDrive/Fall25/EE502/FinalProjects/Ch24/data/spanish/spanish10.mp3,spanish,none,https://accent.gmu.edu/browse_language.php?function=detail&speakerid=324,
spanish,28,"49, female",https://accent.gmu.edu/soundtracks/spanish11.mp3,"lima, peru",academic,/content/drive/MyDrive/Fall25/EE502/FinalProjects/Ch24/data/spanish/spanish11.mp3,spanish,none,https://accent.gmu.edu/browse_language.php?function=detail&speakerid=325,
spanish,8,"25, male",https://accent.gmu.edu/soundtracks/spanish12.mp3,"oviedo, spain",academic,/content/drive/MyDrive/Fall25/EE502/FinalProjects/Ch24/data/spanish/spanish12.mp3,spanish,french,https://accent.gmu.edu/browse_language.php?function=detail&speakerid=326,
spanish,11,"29, female",https://accent.gmu.edu/soundtracks/spanish13.mp3,"duitama, colombia",academic,/content/drive/MyDrive/Fall25/EE502/FinalProjects/Ch24/data/spanish/spanish13.mp3,spanish,none,https://accent.gmu.edu/browse_language.php?function=detail&speakerid=327,
spanish,15,"34, female",https://accent.gmu.edu/soundtracks/spanish14.mp3,"pereira, colombia",academic,/content/drive/MyDrive/Fall25/EE502/FinalProjects/Ch24/data/spanish/spanish14.mp3,spanish,none,https://accent.gmu.edu/browse_language.php?function=detail&speakerid=328,
spanish,4,"54, male",https://accent.gmu.edu/soundtracks/spanish15.mp3,"san juan, puerto rico",academic,/content/drive/MyDrive/Fall25/EE502/FinalProjects/Ch24/data/spanish/spanish15.mp3,spanish,portuguese,https://accent.gmu.edu/browse_language.php?function=detail&speakerid=329,
spanish,25,"44, male",https://accent.gmu.edu/soundtracks/spanish16.mp3,"buenos aires, argentina",naturalistic,/content/drive/MyDrive/Fall25/EE502/FinalProjects/Ch24/data/spanish/spanish16.mp3,spanish,french german,https://accent.gmu.edu/browse_language.php?function=detail&speakerid=330,
spanish,9,"22, female",https://accent.gmu.edu/soundtracks/spanish17.mp3,"puebla, mexico",academic,/content/drive/MyDrive/Fall25/EE502/FinalProjects/Ch24/data/spanish/spanish17.mp3,spanish,none,https://accent.gmu.edu/browse_language.php?function=detail&speakerid=331,
spanish,17,"22, male",https://accent.gmu.edu/soundtracks/spanish18.mp3,"la paz, bolivia",academic,/content/drive/MyDrive/Fall25/EE502/FinalProjects/Ch24/data/spanish/spanish18.mp3,spanish,none,https://accent.gmu.edu/browse_language.php?function=detail&speakerid=332,
spanish,17,"25, female",https://accent.gmu.edu/soundtracks/spanish19.mp3,"havana, cuba",academic,/content/drive/MyDrive/Fall25/EE502/FinalProjects/Ch24/data/spanish/spanish19.mp3,spanish,none,https://accent.gmu.edu/browse_language.php?function=detail&speakerid=333,
spanish,30,"45, male",https://accent.gmu.edu/soundtracks/spanish20.mp3,"managua, nicaragua",academic,/content/drive/MyDrive/Fall25/EE502/FinalProjects/Ch24/data/spanish/spanish20.mp3,spanish,none,https://accent.gmu.edu/browse_language.php?function=detail&speakerid=335,
spanish,18,"25, male",https://accent.gmu.edu/soundtracks/spanish21.mp3,"santiago, chile",naturalistic,/content/drive/MyDrive/Fall25/EE502/FinalProjects/Ch24/data/spanish/spanish21.mp3,spanish,none,https://accent.gmu.edu/browse_language.php?function=detail&speakerid=336,
spanish,11,"32, female",https://accent.gmu.edu/soundtracks/spanish22.mp3,"madrid, spain",academic,/content/drive/MyDrive/Fall25/EE502/FinalProjects/Ch24/data/spanish/spanish22.mp3,spanish,german,https://accent.gmu.edu/browse_language.php?function=detail&speakerid=337,
spanish,7,"22, male",https://accent.gmu.edu/soundtracks/spanish23.mp3,"santiago, chile",academic,/content/drive/MyDrive/Fall25/EE502/FinalProjects/Ch24/data/spanish/spanish23.mp3,spanish,swedish italian,https://accent.gmu.edu/browse_language.php?function=detail&speakerid=338,
spanish,5,"27, male",https://accent.gmu.edu/soundtracks/spanish24.mp3,"mexico city, mexico",academic,/content/drive/MyDrive/Fall25/EE502/FinalProjects/Ch24/data/spanish/spanish24.mp3,spanish,french,https://accent.gmu.edu/browse_language.php?function=detail&speakerid=339,
spanish,21,"26, male",https://accent.gmu.edu/soundtracks/spanish25.mp3,"san jose, costa rica",academic,/content/drive/MyDrive/Fall25/EE502/FinalProjects/Ch24/data/spanish/spanish25.mp3,spanish,italian french,https://accent.gmu.edu/browse_language.php?function=detail&speakerid=340,
spanish,6,"18, male",https://accent.gmu.edu/soundtracks/spanish26.mp3,"burgos, spain",academic,/content/drive/MyDrive/Fall25/EE502/FinalProjects/Ch24/data/spanish/spanish26.mp3,spanish,french german swedish esperanto,https://accent.gmu.edu/browse_language.php?function=detail&speakerid=341,
spanish,14,"34, male",https://accent.gmu.edu/soundtracks/spanish27.mp3,"zaragoza, spain",academic,/content/drive/MyDrive/Fall25/EE502/FinalProjects/Ch24/data/spanish/spanish27.mp3,spanish,none,https://accent.gmu.edu/browse_language.php?function=detail&speakerid=342,
spanish,18,"20, female",https://accent.gmu.edu/soundtracks/spanish28.mp3,"san miguel, el salvador",academic,/content/drive/MyDrive/Fall25/EE502/FinalProjects/Ch24/data/spanish/spanish28.mp3,spanish,none,https://accent.gmu.edu/browse_language.php?function=detail&speakerid=343,
spanish,10,"18, male",https://accent.gmu.edu/soundtracks/spanish29.mp3,"maracaibo, zulia, venezuela",academic,/content/drive/MyDrive/Fall25/EE502/FinalProjects/Ch24/data/spanish/spanish29.mp3,spanish,french,https://accent.gmu.edu/browse_language.php?function=detail&speakerid=410,
spanish,5,"18, male",https://accent.gmu.edu/soundtracks/spanish30.mp3,"buenos aires, argentina",academic,/content/drive/MyDrive/Fall25/EE502/FinalProjects/Ch24/data/spanish/spanish30.mp3,spanish,french portuguese italian,https://accent.gmu.edu/browse_language.php?function=detail&speakerid=441,
spanish,7,"31, female",https://accent.gmu.edu/soundtracks/spanish31.mp3,"guayaquil, ecuador",academic,/content/drive/MyDrive/Fall25/EE502/FinalProjects/Ch24/data/spanish/spanish31.mp3,spanish,none,https://accent.gmu.edu/browse_language.php?function=detail&speakerid=449,
spanish,22,"26, male",https://accent.gmu.edu/soundtracks/spanish32.mp3,"santa cruz, bolivia",academic,/content/drive/MyDrive/Fall25/EE502/FinalProjects/Ch24/data/spanish/spanish32.mp3,spanish,portuguese,https://accent.gmu.edu/browse_language.php?function=detail&speakerid=450,
spanish,15,"18, male",https://accent.gmu.edu/soundtracks/spanish33.mp3,"caracas, venezuela",academic,/content/drive/MyDrive/Fall25/EE502/FinalProjects/Ch24/data/spanish/spanish33.mp3,spanish,none,https://accent.gmu.edu/browse_language.php?function=detail&speakerid=467,
spanish,11,"28, male",https://accent.gmu.edu/soundtracks/spanish34.mp3,"cartagena, spain",academic,/content/drive/MyDrive/Fall25/EE502/FinalProjects/Ch24/data/spanish/spanish34.mp3,spanish,german,https://accent.gmu.edu/browse_language.php?function=detail&speakerid=476,
spanish,17,"28, male",https://accent.gmu.edu/soundtracks/spanish35.mp3,"mexico city, mexico",academic,/content/drive/MyDrive/Fall25/EE502/FinalProjects/Ch24/data/spanish/spanish35.mp3,spanish,italian,https://accent.gmu.edu/browse_language.php?function=detail&speakerid=479,
spanish,25,"27, male",https://accent.gmu.edu/soundtracks/spanish36.mp3,"montevideo, uruguay",academic,/content/drive/MyDrive/Fall25/EE502/FinalProjects/Ch24/data/spanish/spanish36.mp3,spanish,none,https://accent.gmu.edu/browse_language.php?function=detail&speakerid=499,
spanish,17,"50, female",https://accent.gmu.edu/soundtracks/spanish37.mp3,"tegucigalpa, honduras",academic,/content/drive/MyDrive/Fall25/EE502/FinalProjects/Ch24/data/spanish/spanish37.mp3,spanish,russian,https://accent.gmu.edu/browse_language.php?function=detail&speakerid=575,
spanish,13,"53, male",https://accent.gmu.edu/soundtracks/spanish38.mp3,"tegucigalpa, honduras",academic,/content/drive/MyDrive/Fall25/EE502/FinalProjects/Ch24/data/spanish/spanish38.mp3,spanish,portuguese,https://accent.gmu.edu/browse_language.php?function=detail&speakerid=576,
spanish,3,"20, male",https://accent.gmu.edu/soundtracks/spanish39.mp3,"pamplona, spain",academic,/content/drive/MyDrive/Fall25/EE502/FinalProjects/Ch24/data/spanish/spanish39.mp3,spanish,none,https://accent.gmu.edu/browse_language.php?function=detail&speakerid=614,
spanish,6,"20, male",https://accent.gmu.edu/soundtracks/spanish40.mp3,"cartago, costa rica",academic,/content/drive/MyDrive/Fall25/EE502/FinalProjects/Ch24/data/spanish/spanish40.mp3,spanish,italian,https://accent.gmu.edu/browse_language.php?function=detail&speakerid=644,
spanish,6,"25, male",https://accent.gmu.edu/soundtracks/spanish41.mp3,"bonao, dominican republic",naturalistic,/content/drive/MyDrive/Fall25/EE502/FinalProjects/Ch24/data/spanish/spanish41.mp3,spanish,none,https://accent.gmu.edu/browse_language.php?function=detail&speakerid=706,
spanish,18,"80, female",https://accent.gmu.edu/soundtracks/spanish42.mp3,"bogota, colombia",academic,/content/drive/MyDrive/Fall25/EE502/FinalProjects/Ch24/data/spanish/spanish42.mp3,spanish,none,https://accent.gmu.edu/browse_language.php?function=detail&speakerid=712,
spanish,16,"43, male",https://accent.gmu.edu/soundtracks/spanish43.mp3,"santiago-dr, dominican republic",academic,/content/drive/MyDrive/Fall25/EE502/FinalProjects/Ch24/data/spanish/spanish43.mp3,spanish,none,https://accent.gmu.edu/browse_language.php?function=detail&speakerid=714,
spanish,4,"37, female",https://accent.gmu.edu/soundtracks/spanish44.mp3,"la romana, dominican republic",academic,/content/drive/MyDrive/Fall25/EE502/FinalProjects/Ch24/data/spanish/spanish44.mp3,spanish,none,https://accent.gmu.edu/browse_language.php?function=detail&speakerid=716,
spanish,12,"47, female",https://accent.gmu.edu/soundtracks/spanish45.mp3,"santiago-dr, dominican republic",academic,/content/drive/MyDrive/Fall25/EE502/FinalProjects/Ch24/data/spanish/spanish45.mp3,spanish,none,https://accent.gmu.edu/browse_language.php?function=detail&speakerid=715,
spanish,14,"33, male",https://accent.gmu.edu/soundtracks/spanish46.mp3,"santo domingo, dominican republic",academic,/content/drive/MyDrive/Fall25/EE502/FinalProjects/Ch24/data/spanish/spanish46.mp3,spanish,french,https://accent.gmu.edu/browse_language.php?function=detail&speakerid=717,
spanish,12,"25, female",https://accent.gmu.edu/soundtracks/spanish47.mp3,"santo domingo, dominican republic",academic,/content/drive/MyDrive/Fall25/EE502/FinalProjects/Ch24/data/spanish/spanish47.mp3,spanish,french,https://accent.gmu.edu/browse_language.php?function=detail&speakerid=718,
spanish,6,"21, male",https://accent.gmu.edu/soundtracks/spanish48.mp3,"bilbao, spain",academic,/content/drive/MyDrive/Fall25/EE502/FinalProjects/Ch24/data/spanish/spanish48.mp3,spanish,none,https://accent.gmu.edu/browse_language.php?function=detail&speakerid=731,
spanish,6,"31, male",https://accent.gmu.edu/soundtracks/spanish49.mp3,"tandil, argentina",academic,/content/drive/MyDrive/Fall25/EE502/FinalProjects/Ch24/data/spanish/spanish49.mp3,spanish,japanese,https://accent.gmu.edu/browse_language.php?function=detail&speakerid=732,
spanish,15,"27, male",https://accent.gmu.edu/soundtracks/spanish50.mp3,"santo domingo, dominican republic",academic,/content/drive/MyDrive/Fall25/EE502/FinalProjects/Ch24/data/spanish/spanish50.mp3,spanish,none,https://accent.gmu.edu/browse_language.php?function=detail&speakerid=752,
spanish,6,"20, male",https://accent.gmu.edu/soundtracks/spanish51.mp3,"caguas, puerto rico",academic,/content/drive/MyDrive/Fall25/EE502/FinalProjects/Ch24/data/spanish/spanish51.mp3,spanish,none,https://accent.gmu.edu/browse_language.php?function=detail&speakerid=753,
spanish,21,"29, female",https://accent.gmu.edu/soundtracks/spanish52.mp3,"popayan, cauca, colombia",academic,/content/drive/MyDrive/Fall25/EE502/FinalProjects/Ch24/data/spanish/spanish52.mp3,spanish,french italian,https://accent.gmu.edu/browse_language.php?function=detail&speakerid=777,
spanish,6,"33, male",https://accent.gmu.edu/soundtracks/spanish53.mp3,"bogota, colombia",academic,/content/drive/MyDrive/Fall25/EE502/FinalProjects/Ch24/data/spanish/spanish53.mp3,spanish,portuguese,https://accent.gmu.edu/browse_language.php?function=detail&speakerid=797,
spanish,18,"25, male",https://accent.gmu.edu/soundtracks/spanish54.mp3,"vina del mar, chile",academic,/content/drive/MyDrive/Fall25/EE502/FinalProjects/Ch24/data/spanish/spanish54.mp3,spanish,none,https://accent.gmu.edu/browse_language.php?function=detail&speakerid=800,
spanish,9,"36, male",https://accent.gmu.edu/soundtracks/spanish55.mp3,"tandil, argentina",academic,/content/drive/MyDrive/Fall25/EE502/FinalProjects/Ch24/data/spanish/spanish55.mp3,spanish,none,https://accent.gmu.edu/browse_language.php?function=detail&speakerid=810,
spanish,8,"22, male",https://accent.gmu.edu/soundtracks/spanish56.mp3,"monterrey, mexico",academic,/content/drive/MyDrive/Fall25/EE502/FinalProjects/Ch24/data/spanish/spanish56.mp3,spanish,german french chinese,https://accent.gmu.edu/browse_language.php?function=detail&speakerid=838,
spanish,11,"33, male",https://accent.gmu.edu/soundtracks/spanish57.mp3,"montevideo, uruguay",academic,/content/drive/MyDrive/Fall25/EE502/FinalProjects/Ch24/data/spanish/spanish57.mp3,spanish,italian,https://accent.gmu.edu/browse_language.php?function=detail&speakerid=886,
spanish,18,"31, male",https://accent.gmu.edu/soundtracks/spanish58.mp3,"bogota, colombia",academic,/content/drive/MyDrive/Fall25/EE502/FinalProjects/Ch24/data/spanish/spanish58.mp3,spanish,none,https://accent.gmu.edu/browse_language.php?function=detail&speakerid=906,
spanish,5,"31, female",https://accent.gmu.edu/soundtracks/spanish59.mp3,"mayaguez, puerto rico",naturalistic,/content/drive/MyDrive/Fall25/EE502/FinalProjects/Ch24/data/spanish/spanish59.mp3,spanish,none,https://accent.gmu.edu/browse_language.php?function=detail&speakerid=908,
spanish,9,"18, female",https://accent.gmu.edu/soundtracks/spanish60.mp3,"santiago-dr, dominican republic",naturalistic,/content/drive/MyDrive/Fall25/EE502/FinalProjects/Ch24/data/spanish/spanish60.mp3,spanish,french,https://accent.gmu.edu/browse_language.php?function=detail&speakerid=915,
spanish,39,"67, male",https://accent.gmu.edu/soundtracks/spanish61.mp3,"azuaga, spain",naturalistic,/content/drive/MyDrive/Fall25/EE502/FinalProjects/Ch24/data/spanish/spanish61.mp3,spanish,french,https://accent.gmu.edu/browse_language.php?function=detail&speakerid=924,
spanish,19,"63, female",https://accent.gmu.edu/soundtracks/spanish62.mp3,"buenos aires, argentina",academic,/content/drive/MyDrive/Fall25/EE502/FinalProjects/Ch24/data/spanish/spanish62.mp3,spanish,italian french portuguese,https://accent.gmu.edu/browse_language.php?function=detail&speakerid=925,
spanish,10,"32, female",https://accent.gmu.edu/soundtracks/spanish63.mp3,"la coruna, spain",academic,/content/drive/MyDrive/Fall25/EE502/FinalProjects/Ch24/data/spanish/spanish63.mp3,spanish,catalan italian german,https://accent.gmu.edu/browse_language.php?function=detail&speakerid=959,
spanish,12,"28, male",https://accent.gmu.edu/soundtracks/spanish64.mp3,"medellin, colombia",academic,/content/drive/MyDrive/Fall25/EE502/FinalProjects/Ch24/data/spanish/spanish64.mp3,spanish,none,https://accent.gmu.edu/browse_language.php?function=detail&speakerid=962,
spanish,12,"32, male",https://accent.gmu.edu/soundtracks/spanish65.mp3,"barranquilla, colombia",naturalistic,/content/drive/MyDrive/Fall25/EE502/FinalProjects/Ch24/data/spanish/spanish65.mp3,spanish,none,https://accent.gmu.edu/browse_language.php?function=detail&speakerid=1069,
spanish,12,"30, male",https://accent.gmu.edu/soundtracks/spanish66.mp3,"san salvador, el salvador",naturalistic,/content/drive/MyDrive/Fall25/EE502/FinalProjects/Ch24/data/spanish/spanish66.mp3,spanish,none,https://accent.gmu.edu/browse_language.php?function=detail&speakerid=1077,
spanish,14,"48, female",https://accent.gmu.edu/soundtracks/spanish67.mp3,"santa marta, colombia",academic,/content/drive/MyDrive/Fall25/EE502/FinalProjects/Ch24/data/spanish/spanish67.mp3,spanish,french,https://accent.gmu.edu/browse_language.php?function=detail&speakerid=1111,
spanish,14,"27, male",https://accent.gmu.edu/soundtracks/spanish68.mp3,"san fernando, chile",academic,/content/drive/MyDrive/Fall25/EE502/FinalProjects/Ch24/data/spanish/spanish68.mp3,spanish,german,https://accent.gmu.edu/browse_language.php?function=detail&speakerid=1227,
spanish,7,"20, female",https://accent.gmu.edu/soundtracks/spanish69.mp3,"caracas, venezuela",naturalistic,/content/drive/MyDrive/Fall25/EE502/FinalProjects/Ch24/data/spanish/spanish69.mp3,spanish,french,https://accent.gmu.edu/browse_language.php?function=detail&speakerid=1229,
spanish,10,"30, female",https://accent.gmu.edu/soundtracks/spanish70.mp3,"bogota, colombia",academic,/content/drive/MyDrive/Fall25/EE502/FinalProjects/Ch24/data/spanish/spanish70.mp3,spanish,french,https://accent.gmu.edu/browse_language.php?function=detail&speakerid=1230,
spanish,6,"24, male",https://accent.gmu.edu/soundtracks/spanish71.mp3,"rosario, argentina",academic,/content/drive/MyDrive/Fall25/EE502/FinalProjects/Ch24/data/spanish/spanish71.mp3,spanish,swedish italian,https://accent.gmu.edu/browse_language.php?function=detail&speakerid=1231,
spanish,5,"20, female",https://accent.gmu.edu/soundtracks/spanish72.mp3,"miami, florida, usa",naturalistic,/content/drive/MyDrive/Fall25/EE502/FinalProjects/Ch24/data/spanish/spanish72.mp3,spanish,none,https://accent.gmu.edu/browse_language.php?function=detail&speakerid=1238,
spanish,15,"19, male",https://accent.gmu.edu/soundtracks/spanish73.mp3,"merida, venezuela",academic,/content/drive/MyDrive/Fall25/EE502/FinalProjects/Ch24/data/spanish/spanish73.mp3,spanish,none,https://accent.gmu.edu/browse_language.php?function=detail&speakerid=1240,
spanish,14,"44, male",https://accent.gmu.edu/soundtracks/spanish74.mp3,"zaragoza, spain",academic,/content/drive/MyDrive/Fall25/EE502/FinalProjects/Ch24/data/spanish/spanish74.mp3,spanish,none,https://accent.gmu.edu/browse_language.php?function=detail&speakerid=1249,
spanish,5,"28, female",https://accent.gmu.edu/soundtracks/spanish75.mp3,"lima, peru",academic,/content/drive/MyDrive/Fall25/EE502/FinalProjects/Ch24/data/spanish/spanish75.mp3,spanish,french dutch,https://accent.gmu.edu/browse_language.php?function=detail&speakerid=1273,
spanish,10,"27, male",https://accent.gmu.edu/soundtracks/spanish76.mp3,"la paz, bolivia",academic,/content/drive/MyDrive/Fall25/EE502/FinalProjects/Ch24/data/spanish/spanish76.mp3,spanish,french italian,https://accent.gmu.edu/browse_language.php?function=detail&speakerid=1290,
spanish,13,"45, male",https://accent.gmu.edu/soundtracks/spanish77.mp3,"jalisco, mexico",academic,/content/drive/MyDrive/Fall25/EE502/FinalProjects/Ch24/data/spanish/spanish77.mp3,spanish,none,https://accent.gmu.edu/browse_language.php?function=detail&speakerid=1301,
spanish,5,"55, female",https://accent.gmu.edu/soundtracks/spanish78.mp3,"lima, peru",academic,/content/drive/MyDrive/Fall25/EE502/FinalProjects/Ch24/data/spanish/spanish78.mp3,spanish,french,https://accent.gmu.edu/browse_language.php?function=detail&speakerid=1338,
spanish,22,"70, female",https://accent.gmu.edu/soundtracks/spanish79.mp3,"lamas, peru",academic,/content/drive/MyDrive/Fall25/EE502/FinalProjects/Ch24/data/spanish/spanish79.mp3,spanish,none,https://accent.gmu.edu/browse_language.php?function=detail&speakerid=1344,
spanish,75,"77, female",https://accent.gmu.edu/soundtracks/spanish80.mp3,"bogota, colombia",naturalistic,/content/drive/MyDrive/Fall25/EE502/FinalProjects/Ch24/data/spanish/spanish80.mp3,spanish,none,https://accent.gmu.edu/browse_language.php?function=detail&speakerid=1346,
spanish,7,"63, female",https://accent.gmu.edu/soundtracks/spanish81.mp3,"san juan, puerto rico",academic,/content/drive/MyDrive/Fall25/EE502/FinalProjects/Ch24/data/spanish/spanish81.mp3,spanish,none,https://accent.gmu.edu/browse_language.php?function=detail&speakerid=1347,
spanish,14,"49, male",https://accent.gmu.edu/soundtracks/spanish82.mp3,"la paz, bolivia",academic,/content/drive/MyDrive/Fall25/EE502/FinalProjects/Ch24/data/spanish/spanish82.mp3,spanish,none,https://accent.gmu.edu/browse_language.php?function=detail&speakerid=1396,
spanish,14,"48, male",https://accent.gmu.edu/soundtracks/spanish83.mp3,"la paz, bolivia",academic,/content/drive/MyDrive/Fall25/EE502/FinalProjects/Ch24/data/spanish/spanish83.mp3,spanish,italian,https://accent.gmu.edu/browse_language.php?function=detail&speakerid=1397,
spanish,4,"19, female",https://accent.gmu.edu/soundtracks/spanish84.mp3,"buenos aires, argentina",academic,/content/drive/MyDrive/Fall25/EE502/FinalProjects/Ch24/data/spanish/spanish84.mp3,spanish,none,https://accent.gmu.edu/browse_language.php?function=detail&speakerid=1398,
spanish,6,"44, female",https://accent.gmu.edu/soundtracks/spanish85.mp3,"buenos aires, argentina",academic,/content/drive/MyDrive/Fall25/EE502/FinalProjects/Ch24/data/spanish/spanish85.mp3,spanish,french,https://accent.gmu.edu/browse_language.php?function=detail&speakerid=1399,
spanish,4,"23, male",https://accent.gmu.edu/soundtracks/spanish86.mp3,"buenos aires, argentina",academic,/content/drive/MyDrive/Fall25/EE502/FinalProjects/Ch24/data/spanish/spanish86.mp3,spanish,french,https://accent.gmu.edu/browse_language.php?function=detail&speakerid=1400,
spanish,9,"55, male",https://accent.gmu.edu/soundtracks/spanish87.mp3,"la paz, bolivia",academic,/content/drive/MyDrive/Fall25/EE502/FinalProjects/Ch24/data/spanish/spanish87.mp3,spanish,none,https://accent.gmu.edu/browse_language.php?function=detail&speakerid=1401,
spanish,25,"53, male",https://accent.gmu.edu/soundtracks/spanish88.mp3,"la paz, bolivia",naturalistic,/content/drive/MyDrive/Fall25/EE502/FinalProjects/Ch24/data/spanish/spanish88.mp3,spanish,none,https://accent.gmu.edu/browse_language.php?function=detail&speakerid=1402,
spanish,13,"22, male",https://accent.gmu.edu/soundtracks/spanish89.mp3,"monterrey, mexico",academic,/content/drive/MyDrive/Fall25/EE502/FinalProjects/Ch24/data/spanish/spanish89.mp3,spanish,none,https://accent.gmu.edu/browse_language.php?function=detail&speakerid=1425,
spanish,3,"23, female",https://accent.gmu.edu/soundtracks/spanish90.mp3,"caracas, venezuela",naturalistic,/content/drive/MyDrive/Fall25/EE502/FinalProjects/Ch24/data/spanish/spanish90.mp3,spanish,italian,https://accent.gmu.edu/browse_language.php?function=detail&speakerid=1431,
spanish,7,"20, female",https://accent.gmu.edu/soundtracks/spanish91.mp3,"caracas, venezuela",naturalistic,/content/drive/MyDrive/Fall25/EE502/FinalProjects/Ch24/data/spanish/spanish91.mp3,spanish,french,https://accent.gmu.edu/browse_language.php?function=detail&speakerid=1433,
spanish,9,"54, male",https://accent.gmu.edu/soundtracks/spanish92.mp3,"cardenas, cuba",naturalistic,/content/drive/MyDrive/Fall25/EE502/FinalProjects/Ch24/data/spanish/spanish92.mp3,spanish,none,https://accent.gmu.edu/browse_language.php?function=detail&speakerid=1435,
spanish,18,"29, female",https://accent.gmu.edu/soundtracks/spanish93.mp3,"santa rosa, honduras",naturalistic,/content/drive/MyDrive/Fall25/EE502/FinalProjects/Ch24/data/spanish/spanish93.mp3,spanish,none,https://accent.gmu.edu/browse_language.php?function=detail&speakerid=1436,
spanish,6,"19, male",https://accent.gmu.edu/soundtracks/spanish94.mp3,"bogota, colombia",academic,/content/drive/MyDrive/Fall25/EE502/FinalProjects/Ch24/data/spanish/spanish94.mp3,spanish,none,https://accent.gmu.edu/browse_language.php?function=detail&speakerid=1439,
spanish,21,"31, female",https://accent.gmu.edu/soundtracks/spanish95.mp3,"juarez, mexico",naturalistic,/content/drive/MyDrive/Fall25/EE502/FinalProjects/Ch24/data/spanish/spanish95.mp3,spanish,none,https://accent.gmu.edu/browse_language.php?function=detail&speakerid=1444,
spanish,12,"29, female",https://accent.gmu.edu/soundtracks/spanish96.mp3,"arequipa, peru",academic,/content/drive/MyDrive/Fall25/EE502/FinalProjects/Ch24/data/spanish/spanish96.mp3,spanish,portuguese french italian quechua,https://accent.gmu.edu/browse_language.php?function=detail&speakerid=1449,
spanish,19,"52, female",https://accent.gmu.edu/soundtracks/spanish97.mp3,"bogota, colombia",academic,/content/drive/MyDrive/Fall25/EE502/FinalProjects/Ch24/data/spanish/spanish97.mp3,spanish,german,https://accent.gmu.edu/browse_language.php?function=detail&speakerid=1450,
spanish,29,"34, male",https://accent.gmu.edu/soundtracks/spanish98.mp3,"veracruz, mexico",naturalistic,/content/drive/MyDrive/Fall25/EE502/FinalProjects/Ch24/data/spanish/spanish98.mp3,spanish,none,https://accent.gmu.edu/browse_language.php?function=detail&speakerid=1451,
spanish,4,"20, female",https://accent.gmu.edu/soundtracks/spanish99.mp3,"lima, peru",academic,/content/drive/MyDrive/Fall25/EE502/FinalProjects/Ch24/data/spanish/spanish99.mp3,spanish,none,https://accent.gmu.edu/browse_language.php?function=detail&speakerid=1506,
spanish,26,"30, female",https://accent.gmu.edu/soundtracks/spanish100.mp3,"iquitos, peru",academic,/content/drive/MyDrive/Fall25/EE502/FinalProjects/Ch24/data/spanish/spanish100.mp3,spanish,arabic,https://accent.gmu.edu/browse_language.php?function=detail&speakerid=1508,
spanish,19,"39, female",https://accent.gmu.edu/soundtracks/spanish101.mp3,"la union, el salvador",naturalistic,/content/drive/MyDrive/Fall25/EE502/FinalProjects/Ch24/data/spanish/spanish101.mp3,spanish,none,https://accent.gmu.edu/browse_language.php?function=detail&speakerid=1574,
spanish,26,"31, male",https://accent.gmu.edu/soundtracks/spanish102.mp3,"cochabamba, bolivia",academic,/content/drive/MyDrive/Fall25/EE502/FinalProjects/Ch24/data/spanish/spanish102.mp3,spanish,quechua,https://accent.gmu.edu/browse_language.php?function=detail&speakerid=1575,
spanish,15,"46, male",https://accent.gmu.edu/soundtracks/spanish103.mp3,"san miguel, el salvador",naturalistic,/content/drive/MyDrive/Fall25/EE502/FinalProjects/Ch24/data/spanish/spanish103.mp3,spanish,none,https://accent.gmu.edu/browse_language.php?function=detail&speakerid=1584,
spanish,20,"28, female",https://accent.gmu.edu/soundtracks/spanish104.mp3,"san miguel, el salvador",naturalistic,/content/drive/MyDrive/Fall25/EE502/FinalProjects/Ch24/data/spanish/spanish104.mp3,spanish,none,https://accent.gmu.edu/browse_language.php?function=detail&speakerid=1600,
spanish,10,"41, female",https://accent.gmu.edu/soundtracks/spanish105.mp3,"jerez de la frontera, spain",academic,/content/drive/MyDrive/Fall25/EE502/FinalProjects/Ch24/data/spanish/spanish105.mp3,spanish,latin greek arabic german,https://accent.gmu.edu/browse_language.php?function=detail&speakerid=1613,
spanish,5,"21, male",https://accent.gmu.edu/soundtracks/spanish106.mp3,"lima, peru",academic,/content/drive/MyDrive/Fall25/EE502/FinalProjects/Ch24/data/spanish/spanish106.mp3,spanish,none,https://accent.gmu.edu/browse_language.php?function=detail&speakerid=1621,
spanish,14,"36, male",https://accent.gmu.edu/soundtracks/spanish107.mp3,"san salvador, el salvador",naturalistic,/content/drive/MyDrive/Fall25/EE502/FinalProjects/Ch24/data/spanish/spanish107.mp3,spanish,italian,https://accent.gmu.edu/browse_language.php?function=detail&speakerid=1622,
spanish,24,"36, male",https://accent.gmu.edu/soundtracks/spanish108.mp3,"medellin, colombia",academic,/content/drive/MyDrive/Fall25/EE502/FinalProjects/Ch24/data/spanish/spanish108.mp3,spanish,none,https://accent.gmu.edu/browse_language.php?function=detail&speakerid=1629,
spanish,16,"21, male",https://accent.gmu.edu/soundtracks/spanish109.mp3,"maracay, venezuela",academic,/content/drive/MyDrive/Fall25/EE502/FinalProjects/Ch24/data/spanish/spanish109.mp3,spanish,french portuguese,https://accent.gmu.edu/browse_language.php?function=detail&speakerid=1660,
spanish,18,"20, male",https://accent.gmu.edu/soundtracks/spanish110.mp3,"caracas, venezuela",academic,/content/drive/MyDrive/Fall25/EE502/FinalProjects/Ch24/data/spanish/spanish110.mp3,spanish,german japanese,https://accent.gmu.edu/browse_language.php?function=detail&speakerid=1680,
spanish,33,"55, male",https://accent.gmu.edu/soundtracks/spanish111.mp3,"santiago, chile",naturalistic,/content/drive/MyDrive/Fall25/EE502/FinalProjects/Ch24/data/spanish/spanish111.mp3,spanish,none,https://accent.gmu.edu/browse_language.php?function=detail&speakerid=1689,
spanish,15,"25, male",https://accent.gmu.edu/soundtracks/spanish112.mp3,"la paz, bolivia",academic,/content/drive/MyDrive/Fall25/EE502/FinalProjects/Ch24/data/spanish/spanish112.mp3,spanish,none,https://accent.gmu.edu/browse_language.php?function=detail&speakerid=1693,
spanish,8,"19, male",https://accent.gmu.edu/soundtracks/spanish113.mp3,"cochabamba, bolivia",academic,/content/drive/MyDrive/Fall25/EE502/FinalProjects/Ch24/data/spanish/spanish113.mp3,spanish,none,https://accent.gmu.edu/browse_language.php?function=detail&speakerid=1695,
spanish,8,"22, female",https://accent.gmu.edu/soundtracks/spanish114.mp3,"seville, spain",naturalistic,/content/drive/MyDrive/Fall25/EE502/FinalProjects/Ch24/data/spanish/spanish114.mp3,spanish,catalan,https://accent.gmu.edu/browse_language.php?function=detail&speakerid=1732,
spanish,8,"58, female",https://accent.gmu.edu/soundtracks/spanish115.mp3,"la paz, bolivia",academic,/content/drive/MyDrive/Fall25/EE502/FinalProjects/Ch24/data/spanish/spanish115.mp3,spanish,french,https://accent.gmu.edu/browse_language.php?function=detail&speakerid=1744,
spanish,6,"37, male",https://accent.gmu.edu/soundtracks/spanish116.mp3,"bogota, colombia",academic,/content/drive/MyDrive/Fall25/EE502/FinalProjects/Ch24/data/spanish/spanish116.mp3,spanish,french,https://accent.gmu.edu/browse_language.php?function=detail&speakerid=1747,
spanish,12,"46, male",https://accent.gmu.edu/soundtracks/spanish117.mp3,"madrid, spain",academic,/content/drive/MyDrive/Fall25/EE502/FinalProjects/Ch24/data/spanish/spanish117.mp3,spanish,french german italian portuguese turkish,https://accent.gmu.edu/browse_language.php?function=detail&speakerid=1797,
spanish,13,"48, female",https://accent.gmu.edu/soundtracks/spanish118.mp3,"monterrey, mexico",academic,/content/drive/MyDrive/Fall25/EE502/FinalProjects/Ch24/data/spanish/spanish118.mp3,spanish,italian,https://accent.gmu.edu/browse_language.php?function=detail&speakerid=1806,
spanish,11,"40, female",https://accent.gmu.edu/soundtracks/spanish119.mp3,"madrid, spain",naturalistic,/content/drive/MyDrive/Fall25/EE502/FinalProjects/Ch24/data/spanish/spanish119.mp3,spanish,french,https://accent.gmu.edu/browse_language.php?function=detail&speakerid=1807,
spanish,2,"25, female",https://accent.gmu.edu/soundtracks/spanish120.mp3,"bogota, colombia",academic,/content/drive/MyDrive/Fall25/EE502/FinalProjects/Ch24/data/spanish/spanish120.mp3,spanish,french german,https://accent.gmu.edu/browse_language.php?function=detail&speakerid=1823,
spanish,21,"34, male",https://accent.gmu.edu/soundtracks/spanish121.mp3,"pasaquina, el salvador",academic,/content/drive/MyDrive/Fall25/EE502/FinalProjects/Ch24/data/spanish/spanish121.mp3,spanish,none,https://accent.gmu.edu/browse_language.php?function=detail&speakerid=1826,
spanish,10,"26, female",https://accent.gmu.edu/soundtracks/spanish122.mp3,"toluca, mexico",academic,/content/drive/MyDrive/Fall25/EE502/FinalProjects/Ch24/data/spanish/spanish122.mp3,spanish,none,https://accent.gmu.edu/browse_language.php?function=detail&speakerid=1831,
spanish,14,"57, female",https://accent.gmu.edu/soundtracks/spanish123.mp3,"ilbague, colombia",academic,/content/drive/MyDrive/Fall25/EE502/FinalProjects/Ch24/data/spanish/spanish123.mp3,spanish,french,https://accent.gmu.edu/browse_language.php?function=detail&speakerid=1834,
spanish,5,"22, male",https://accent.gmu.edu/soundtracks/spanish124.mp3,"santa cruz, bolivia",naturalistic,/content/drive/MyDrive/Fall25/EE502/FinalProjects/Ch24/data/spanish/spanish124.mp3,spanish,none,https://accent.gmu.edu/browse_language.php?function=detail&speakerid=1835,
spanish,9,"23, male",https://accent.gmu.edu/soundtracks/spanish125.mp3,"lima, peru",naturalistic,/content/drive/MyDrive/Fall25/EE502/FinalProjects/Ch24/data/spanish/spanish125.mp3,spanish,none,https://accent.gmu.edu/browse_language.php?function=detail&speakerid=1840,
spanish,5,"54, female",https://accent.gmu.edu/soundtracks/spanish126.mp3,"colon, panama",naturalistic,/content/drive/MyDrive/Fall25/EE502/FinalProjects/Ch24/data/spanish/spanish126.mp3,spanish,french,https://accent.gmu.edu/browse_language.php?function=detail&speakerid=1853,
spanish,19,"34, male",https://accent.gmu.edu/soundtracks/spanish127.mp3,"san salvador, el salvador",academic,/content/drive/MyDrive/Fall25/EE502/FinalProjects/Ch24/data/spanish/spanish127.mp3,spanish,italian,https://accent.gmu.edu/browse_language.php?function=detail&speakerid=1860,
spanish,7,"30, female",https://accent.gmu.edu/soundtracks/spanish128.mp3,"lima, peru",academic,/content/drive/MyDrive/Fall25/EE502/FinalProjects/Ch24/data/spanish/spanish128.mp3,spanish,none,https://accent.gmu.edu/browse_language.php?function=detail&speakerid=1869,
spanish,30,"47, female",https://accent.gmu.edu/soundtracks/spanish129.mp3,"havana, cuba",naturalistic,/content/drive/MyDrive/Fall25/EE502/FinalProjects/Ch24/data/spanish/spanish129.mp3,spanish,none,https://accent.gmu.edu/browse_language.php?function=detail&speakerid=1874,
spanish,21,"27, male",https://accent.gmu.edu/soundtracks/spanish130.mp3,"guayaquil, ecuador",naturalistic,/content/drive/MyDrive/Fall25/EE502/FinalProjects/Ch24/data/spanish/spanish130.mp3,spanish,french,https://accent.gmu.edu/browse_language.php?function=detail&speakerid=1891,
spanish,25,"56, male",https://accent.gmu.edu/soundtracks/spanish131.mp3,"havana, cuba",naturalistic,/content/drive/MyDrive/Fall25/EE502/FinalProjects/Ch24/data/spanish/spanish131.mp3,spanish,none,https://accent.gmu.edu/browse_language.php?function=detail&speakerid=1903,
spanish,15,"50, female",https://accent.gmu.edu/soundtracks/spanish132.mp3,"rio piedras, puerto rico",academic,/content/drive/MyDrive/Fall25/EE502/FinalProjects/Ch24/data/spanish/spanish132.mp3,spanish,italian,https://accent.gmu.edu/browse_language.php?function=detail&speakerid=1904,
spanish,19,"38, male",https://accent.gmu.edu/soundtracks/spanish133.mp3,"cochabamba, bolivia",academic,/content/drive/MyDrive/Fall25/EE502/FinalProjects/Ch24/data/spanish/spanish133.mp3,spanish,portuguese japanese,https://accent.gmu.edu/browse_language.php?function=detail&speakerid=1916,
spanish,13,"41, female",https://accent.gmu.edu/soundtracks/spanish134.mp3,"la union, el salvador",academic,/content/drive/MyDrive/Fall25/EE502/FinalProjects/Ch24/data/spanish/spanish134.mp3,spanish,none,https://accent.gmu.edu/browse_language.php?function=detail&speakerid=1921,
spanish,22,"41, female",https://accent.gmu.edu/soundtracks/spanish135.mp3,"santiago de cuba, cuba",naturalistic,/content/drive/MyDrive/Fall25/EE502/FinalProjects/Ch24/data/spanish/spanish135.mp3,spanish,none,https://accent.gmu.edu/browse_language.php?function=detail&speakerid=1923,
spanish,8,"49, male",https://accent.gmu.edu/soundtracks/spanish136.mp3,"santiago, chile",academic,/content/drive/MyDrive/Fall25/EE502/FinalProjects/Ch24/data/spanish/spanish136.mp3,spanish,french italian,https://accent.gmu.edu/browse_language.php?function=detail&speakerid=1949,
spanish,21,"24, female",https://accent.gmu.edu/soundtracks/spanish137.mp3,"santa ana, el salvador",academic,/content/drive/MyDrive/Fall25/EE502/FinalProjects/Ch24/data/spanish/spanish137.mp3,spanish,none,https://accent.gmu.edu/browse_language.php?function=detail&speakerid=1979,
spanish,16,"24, female",https://accent.gmu.edu/soundtracks/spanish138.mp3,"san miguel, el salvador",academic,/content/drive/MyDrive/Fall25/EE502/FinalProjects/Ch24/data/spanish/spanish138.mp3,spanish,none,https://accent.gmu.edu/browse_language.php?function=detail&speakerid=1980,
spanish,38,"50, male",https://accent.gmu.edu/soundtracks/spanish139.mp3,"guatemala city, guatemala",academic,/content/drive/MyDrive/Fall25/EE502/FinalProjects/Ch24/data/spanish/spanish139.mp3,spanish,none,https://accent.gmu.edu/browse_language.php?function=detail&speakerid=1981,
spanish,31,"37, female",https://accent.gmu.edu/soundtracks/spanish140.mp3,"cochabamba, bolivia",academic,/content/drive/MyDrive/Fall25/EE502/FinalProjects/Ch24/data/spanish/spanish140.mp3,spanish,quechua,https://accent.gmu.edu/browse_language.php?function=detail&speakerid=1985,
spanish,12,"24, male",https://accent.gmu.edu/soundtracks/spanish141.mp3,"la union, el salvador",academic,/content/drive/MyDrive/Fall25/EE502/FinalProjects/Ch24/data/spanish/spanish141.mp3,spanish,none,https://accent.gmu.edu/browse_language.php?function=detail&speakerid=2009,
spanish,8,"59, female",https://accent.gmu.edu/soundtracks/spanish142.mp3,"san salvador, el salvador",academic,/content/drive/MyDrive/Fall25/EE502/FinalProjects/Ch24/data/spanish/spanish142.mp3,spanish,none,https://accent.gmu.edu/browse_language.php?function=detail&speakerid=2016,
spanish,6,"45, male",https://accent.gmu.edu/soundtracks/spanish143.mp3,"oviedo, spain",academic,/content/drive/MyDrive/Fall25/EE502/FinalProjects/Ch24/data/spanish/spanish143.mp3,spanish,none,https://accent.gmu.edu/browse_language.php?function=detail&speakerid=2026,
spanish,23,"33, female",https://accent.gmu.edu/soundtracks/spanish144.mp3,"florencia, zacatecas, mexico",naturalistic,/content/drive/MyDrive/Fall25/EE502/FinalProjects/Ch24/data/spanish/spanish144.mp3,spanish,none,https://accent.gmu.edu/browse_language.php?function=detail&speakerid=2051,
spanish,21,"37, female",https://accent.gmu.edu/soundtracks/spanish145.mp3,"florencia, zacatecas, mexico",naturalistic,/content/drive/MyDrive/Fall25/EE502/FinalProjects/Ch24/data/spanish/spanish145.mp3,spanish,none,https://accent.gmu.edu/browse_language.php?function=detail&speakerid=2052,
spanish,18,"25, male",https://accent.gmu.edu/soundtracks/spanish146.mp3,"las palmas, oaxaca, mexico",naturalistic,/content/drive/MyDrive/Fall25/EE502/FinalProjects/Ch24/data/spanish/spanish146.mp3,spanish,none,https://accent.gmu.edu/browse_language.php?function=detail&speakerid=2057,
spanish,15,"26, male",https://accent.gmu.edu/soundtracks/spanish147.mp3,"puerto_cabezas, nicaragua",academic,/content/drive/MyDrive/Fall25/EE502/FinalProjects/Ch24/data/spanish/spanish147.mp3,spanish,miskito,https://accent.gmu.edu/browse_language.php?function=detail&speakerid=2078,
spanish,11,"19, male",https://accent.gmu.edu/soundtracks/spanish148.mp3,"la ceiba, honduras",academic,/content/drive/MyDrive/Fall25/EE502/FinalProjects/Ch24/data/spanish/spanish148.mp3,spanish,none,https://accent.gmu.edu/browse_language.php?function=detail&speakerid=2079,
spanish,22,"23, male",https://accent.gmu.edu/soundtracks/spanish149.mp3,"bilwi, puerto cabezas, nicaragua",naturalistic,/content/drive/MyDrive/Fall25/EE502/FinalProjects/Ch24/data/spanish/spanish149.mp3,spanish,miskito,https://accent.gmu.edu/browse_language.php?function=detail&speakerid=2091,
spanish,13,"18, male",https://accent.gmu.edu/soundtracks/spanish150.mp3,"bilwi, puerto cabezas, nicaragua",academic,/content/drive/MyDrive/Fall25/EE502/FinalProjects/Ch24/data/spanish/spanish150.mp3,spanish,none,https://accent.gmu.edu/browse_language.php?function=detail&speakerid=2094,
spanish,50,"58, female",https://accent.gmu.edu/soundtracks/spanish151.mp3,"bilwas karma, rio coco, nicaragua",naturalistic,/content/drive/MyDrive/Fall25/EE502/FinalProjects/Ch24/data/spanish/spanish151.mp3,spanish,miskito,https://accent.gmu.edu/browse_language.php?function=detail&speakerid=2096,
spanish,25,"51, male",https://accent.gmu.edu/soundtracks/spanish152.mp3,"barcelona, spain",naturalistic,/content/drive/MyDrive/Fall25/EE502/FinalProjects/Ch24/data/spanish/spanish152.mp3,spanish,catalan,https://accent.gmu.edu/browse_language.php?function=detail&speakerid=2100,
spanish,10,"21, male",https://accent.gmu.edu/soundtracks/spanish153.mp3,"bogota, colombia",naturalistic,/content/drive/MyDrive/Fall25/EE502/FinalProjects/Ch24/data/spanish/spanish153.mp3,spanish,portuguese,https://accent.gmu.edu/browse_language.php?function=detail&speakerid=2118,
spanish,4,"30, male",https://accent.gmu.edu/soundtracks/spanish154.mp3,"montevideo, uruguay",academic,/content/drive/MyDrive/Fall25/EE502/FinalProjects/Ch24/data/spanish/spanish154.mp3,spanish,portuguese,https://accent.gmu.edu/browse_language.php?function=detail&speakerid=2127,
spanish,9,"27, male",https://accent.gmu.edu/soundtracks/spanish155.mp3,"lima, peru",naturalistic,/content/drive/MyDrive/Fall25/EE502/FinalProjects/Ch24/data/spanish/spanish155.mp3,spanish,none,https://accent.gmu.edu/browse_language.php?function=detail&speakerid=2130,
spanish,8,"65, female",https://accent.gmu.edu/soundtracks/spanish156.mp3,"montevideo, uruguay",academic,/content/drive/MyDrive/Fall25/EE502/FinalProjects/Ch24/data/spanish/spanish156.mp3,spanish,none,https://accent.gmu.edu/browse_language.php?function=detail&speakerid=2142,
spanish,3,"19, female",https://accent.gmu.edu/soundtracks/spanish157.mp3,"mexico city, mexico",naturalistic,/content/drive/MyDrive/Fall25/EE502/FinalProjects/Ch24/data/spanish/spanish157.mp3,spanish,none,https://accent.gmu.edu/browse_language.php?function=detail&speakerid=2144,
spanish,37,"54, female",https://accent.gmu.edu/soundtracks/spanish158.mp3,"santurce, puerto rico",academic,/content/drive/MyDrive/Fall25/EE502/FinalProjects/Ch24/data/spanish/spanish158.mp3,spanish,none,https://accent.gmu.edu/browse_language.php?function=detail&speakerid=2148,
spanish,21,"29, male",https://accent.gmu.edu/soundtracks/spanish159.mp3,"san salvador, el salvador",naturalistic,/content/drive/MyDrive/Fall25/EE502/FinalProjects/Ch24/data/spanish/spanish159.mp3,spanish,none,https://accent.gmu.edu/browse_language.php?function=detail&speakerid=2149,
spanish,7,"20, male",https://accent.gmu.edu/soundtracks/spanish160.mp3,"bogota, colombia",academic,/content/drive/MyDrive/Fall25/EE502/FinalProjects/Ch24/data/spanish/spanish160.mp3,spanish,none,https://accent.gmu.edu/browse_language.php?function=detail&speakerid=2150,
spanish,32,"56, female",https://accent.gmu.edu/soundtracks/spanish161.mp3,"leon, nicaragua",academic,/content/drive/MyDrive/Fall25/EE502/FinalProjects/Ch24/data/spanish/spanish161.mp3,spanish,none,https://accent.gmu.edu/browse_language.php?function=detail&speakerid=2156,
spanish,5,"28, male",https://accent.gmu.edu/soundtracks/spanish162.mp3,"mexico city, mexico",naturalistic,/content/drive/MyDrive/Fall25/EE502/FinalProjects/Ch24/data/spanish/spanish162.mp3,spanish,none,https://accent.gmu.edu/browse_language.php?function=detail&speakerid=2169,
spanish,15,"25, male",https://accent.gmu.edu/soundtracks/spanish163.mp3,"asuncion, paraguay",academic,/content/drive/MyDrive/Fall25/EE502/FinalProjects/Ch24/data/spanish/spanish163.mp3,spanish,none,https://accent.gmu.edu/browse_language.php?function=detail&speakerid=2212,
spanish,27,"35, female",https://accent.gmu.edu/soundtracks/spanish164.mp3,"zacatecas, mexico",naturalistic,/content/drive/MyDrive/Fall25/EE502/FinalProjects/Ch24/data/spanish/spanish164.mp3,spanish,none,https://accent.gmu.edu/browse_language.php?function=detail&speakerid=2230,
spanish,4,"62, male",https://accent.gmu.edu/soundtracks/spanish165.mp3,"mayaguez, puerto rico",academic,/content/drive/MyDrive/Fall25/EE502/FinalProjects/Ch24/data/spanish/spanish165.mp3,spanish,german italian,https://accent.gmu.edu/browse_language.php?function=detail&speakerid=2235,
spanish,11,"26, female",https://accent.gmu.edu/soundtracks/spanish166.mp3,"santo domingo, dominican republic",academic,/content/drive/MyDrive/Fall25/EE502/FinalProjects/Ch24/data/spanish/spanish166.mp3,spanish,none,https://accent.gmu.edu/browse_language.php?function=detail&speakerid=2238,
spanish,15,"29, female",https://accent.gmu.edu/soundtracks/spanish167.mp3,"lima, peru",academic,/content/drive/MyDrive/Fall25/EE502/FinalProjects/Ch24/data/spanish/spanish167.mp3,spanish,japanese,https://accent.gmu.edu/browse_language.php?function=detail&speakerid=2239,
spanish,4,"28, male",https://accent.gmu.edu/soundtracks/spanish168.mp3,"pasto, colombia",academic,/content/drive/MyDrive/Fall25/EE502/FinalProjects/Ch24/data/spanish/spanish168.mp3,spanish,none,https://accent.gmu.edu/browse_language.php?function=detail&speakerid=2240,
spanish,10,"36, female",https://accent.gmu.edu/soundtracks/spanish169.mp3,"ponce, puerto rico",academic,/content/drive/MyDrive/Fall25/EE502/FinalProjects/Ch24/data/spanish/spanish169.mp3,spanish,none,https://accent.gmu.edu/browse_language.php?function=detail&speakerid=2250,
spanish,2,"25, male",https://accent.gmu.edu/soundtracks/spanish170.mp3,"cochabamba, bolivia",naturalistic,/content/drive/MyDrive/Fall25/EE502/FinalProjects/Ch24/data/spanish/spanish170.mp3,spanish,portuguese,https://accent.gmu.edu/browse_language.php?function=detail&speakerid=2259,
spanish,8,"23, female",https://accent.gmu.edu/soundtracks/spanish171.mp3,"guayaquil, ecuador",academic,/content/drive/MyDrive/Fall25/EE502/FinalProjects/Ch24/data/spanish/spanish171.mp3,spanish,none,https://accent.gmu.edu/browse_language.php?function=detail&speakerid=2260,
spanish,11,"28, male",https://accent.gmu.edu/soundtracks/spanish172.mp3,"la union, el salvador",academic,/content/drive/MyDrive/Fall25/EE502/FinalProjects/Ch24/data/spanish/spanish172.mp3,spanish,none,https://accent.gmu.edu/browse_language.php?function=detail&speakerid=2279,
spanish,24,"31, female",https://accent.gmu.edu/soundtracks/spanish173.mp3,"ambato, ecuador",academic,/content/drive/MyDrive/Fall25/EE502/FinalProjects/Ch24/data/spanish/spanish173.mp3,spanish,none,https://accent.gmu.edu/browse_language.php?function=detail&speakerid=2288,
spanish,7,"26, female",https://accent.gmu.edu/soundtracks/spanish174.mp3,"falcon, venezuela",academic,/content/drive/MyDrive/Fall25/EE502/FinalProjects/Ch24/data/spanish/spanish174.mp3,spanish,none,https://accent.gmu.edu/browse_language.php?function=detail&speakerid=2298,
spanish,12,"20, female",https://accent.gmu.edu/soundtracks/spanish175.mp3,"rio piedras, puerto rico",academic,/content/drive/MyDrive/Fall25/EE502/FinalProjects/Ch24/data/spanish/spanish175.mp3,spanish,portuguese,https://accent.gmu.edu/browse_language.php?function=detail&speakerid=2300,
spanish,6,"55, male",https://accent.gmu.edu/soundtracks/spanish176.mp3,"panama city, panama",academic,/content/drive/MyDrive/Fall25/EE502/FinalProjects/Ch24/data/spanish/spanish176.mp3,spanish,none,https://accent.gmu.edu/browse_language.php?function=detail&speakerid=2317,
spanish,17,"48, female",https://accent.gmu.edu/soundtracks/spanish177.mp3,"sonsonate, el salvador",naturalistic,/content/drive/MyDrive/Fall25/EE502/FinalProjects/Ch24/data/spanish/spanish177.mp3,spanish,none,https://accent.gmu.edu/browse_language.php?function=detail&speakerid=2328,
spanish,30,"41, female",https://accent.gmu.edu/soundtracks/spanish178.mp3,"chalatenango, el salvador",naturalistic,/content/drive/MyDrive/Fall25/EE502/FinalProjects/Ch24/data/spanish/spanish178.mp3,spanish,none,https://accent.gmu.edu/browse_language.php?function=detail&speakerid=2335,
spanish,38,"55, female",https://accent.gmu.edu/soundtracks/spanish179.mp3,"san miguel, el salvador",naturalistic,/content/drive/MyDrive/Fall25/EE502/FinalProjects/Ch24/data/spanish/spanish179.mp3,spanish,none,https://accent.gmu.edu/browse_language.php?function=detail&speakerid=2336,
spanish,35,"50, male",https://accent.gmu.edu/soundtracks/spanish180.mp3,"cochabamba, bolivia",naturalistic,/content/drive/MyDrive/Fall25/EE502/FinalProjects/Ch24/data/spanish/spanish180.mp3,spanish,none,https://accent.gmu.edu/browse_language.php?function=detail&speakerid=2338,
spanish,30,"55, female",https://accent.gmu.edu/soundtracks/spanish181.mp3,"lima, peru",naturalistic,/content/drive/MyDrive/Fall25/EE502/FinalProjects/Ch24/data/spanish/spanish181.mp3,spanish,none,https://accent.gmu.edu/browse_language.php?function=detail&speakerid=2364,
spanish,20,"44, male",https://accent.gmu.edu/soundtracks/spanish182.mp3,"trujillo, peru",academic,/content/drive/MyDrive/Fall25/EE502/FinalProjects/Ch24/data/spanish/spanish182.mp3,spanish,none,https://accent.gmu.edu/browse_language.php?function=detail&speakerid=2367,
spanish,16,"27, female",https://accent.gmu.edu/soundtracks/spanish183.mp3,"bogota, colombia",academic,/content/drive/MyDrive/Fall25/EE502/FinalProjects/Ch24/data/spanish/spanish183.mp3,spanish,portuguese italian,https://accent.gmu.edu/browse_language.php?function=detail&speakerid=2370,
spanish,13,"26, male",https://accent.gmu.edu/soundtracks/spanish184.mp3,"lima, peru",academic,/content/drive/MyDrive/Fall25/EE502/FinalProjects/Ch24/data/spanish/spanish184.mp3,spanish,none,https://accent.gmu.edu/browse_language.php?function=detail&speakerid=2371,
spanish,12,"30, female",https://accent.gmu.edu/soundtracks/spanish185.mp3,"san salvador, el salvadore",academic,/content/drive/MyDrive/Fall25/EE502/FinalProjects/Ch24/data/spanish/spanish185.mp3,spanish,none,https://accent.gmu.edu/browse_language.php?function=detail&speakerid=2372,
spanish,14,"33, male",https://accent.gmu.edu/soundtracks/spanish186.mp3,"tegucigalpa, honduras",academic,/content/drive/MyDrive/Fall25/EE502/FinalProjects/Ch24/data/spanish/spanish186.mp3,spanish,none,https://accent.gmu.edu/browse_language.php?function=detail&speakerid=2373,
spanish,6,"32, female",https://accent.gmu.edu/soundtracks/spanish187.mp3,"santurce, puerto rico",academic,/content/drive/MyDrive/Fall25/EE502/FinalProjects/Ch24/data/spanish/spanish187.mp3,spanish,portuguese,https://accent.gmu.edu/browse_language.php?function=detail&speakerid=2393,
spanish,28,"54, female",https://accent.gmu.edu/soundtracks/spanish188.mp3,"panama city, panama",naturalistic,/content/drive/MyDrive/Fall25/EE502/FinalProjects/Ch24/data/spanish/spanish188.mp3,spanish,none,https://accent.gmu.edu/browse_language.php?function=detail&speakerid=2396,
spanish,18,"42, male",https://accent.gmu.edu/soundtracks/spanish189.mp3,"santa clara, san vicente, el salvador",academic,/content/drive/MyDrive/Fall25/EE502/FinalProjects/Ch24/data/spanish/spanish189.mp3,spanish,none,https://accent.gmu.edu/browse_language.php?function=detail&speakerid=2397,
spanish,6,"41, male",https://accent.gmu.edu/soundtracks/spanish190.mp3,"bogota, colombia",academic,/content/drive/MyDrive/Fall25/EE502/FinalProjects/Ch24/data/spanish/spanish190.mp3,spanish,french,https://accent.gmu.edu/browse_language.php?function=detail&speakerid=2401,
spanish,12,"38, female",https://accent.gmu.edu/soundtracks/spanish191.mp3,"bogota, colombia",academic,/content/drive/MyDrive/Fall25/EE502/FinalProjects/Ch24/data/spanish/spanish191.mp3,spanish,none,https://accent.gmu.edu/browse_language.php?function=detail&speakerid=2434,
spanish,10,"40, male",https://accent.gmu.edu/soundtracks/spanish192.mp3,"cordoba, argentina",academic,/content/drive/MyDrive/Fall25/EE502/FinalProjects/Ch24/data/spanish/spanish192.mp3,spanish,french german,https://accent.gmu.edu/browse_language.php?function=detail&speakerid=2466,
spanish,5,"75, female",https://accent.gmu.edu/soundtracks/spanish193.mp3,"david, panama",academic,/content/drive/MyDrive/Fall25/EE502/FinalProjects/Ch24/data/spanish/spanish193.mp3,spanish,none,https://accent.gmu.edu/browse_language.php?function=detail&speakerid=2467,
spanish,18,"27, male",https://accent.gmu.edu/soundtracks/spanish194.mp3,"cochabamba, bolivia",naturalistic,/content/drive/MyDrive/Fall25/EE502/FinalProjects/Ch24/data/spanish/spanish194.mp3,spanish,none,https://accent.gmu.edu/browse_language.php?function=detail&speakerid=2471,
spanish,15,"55, female",https://accent.gmu.edu/soundtracks/spanish195.mp3,"guatemala city, guatemala",academic,/content/drive/MyDrive/Fall25/EE502/FinalProjects/Ch24/data/spanish/spanish195.mp3,spanish,none,https://accent.gmu.edu/browse_language.php?function=detail&speakerid=2475,
spanish,26,"60, female",https://accent.gmu.edu/soundtracks/spanish196.mp3,"san cristobal, dominican republic",naturalistic,/content/drive/MyDrive/Fall25/EE502/FinalProjects/Ch24/data/spanish/spanish196.mp3,spanish,none,https://accent.gmu.edu/browse_language.php?function=detail&speakerid=2482,
spanish,3,"20, female",https://accent.gmu.edu/soundtracks/spanish197.mp3,"madrid, spain",academic,/content/drive/MyDrive/Fall25/EE502/FinalProjects/Ch24/data/spanish/spanish197.mp3,spanish,french,https://accent.gmu.edu/browse_language.php?function=detail&speakerid=2491,
spanish,19,"38, female",https://accent.gmu.edu/soundtracks/spanish198.mp3,"tejupilco, mexico",academic,/content/drive/MyDrive/Fall25/EE502/FinalProjects/Ch24/data/spanish/spanish198.mp3,spanish,none,https://accent.gmu.edu/browse_language.php?function=detail&speakerid=2496,
spanish,2,"18, male",https://accent.gmu.edu/soundtracks/spanish199.mp3,"san juan, puerto rico",academic,/content/drive/MyDrive/Fall25/EE502/FinalProjects/Ch24/data/spanish/spanish199.mp3,spanish,portuguese french,https://accent.gmu.edu/browse_language.php?function=detail&speakerid=2507,
spanish,17,"30, female",https://accent.gmu.edu/soundtracks/spanish200.mp3,"bogota, colombia",academic,/content/drive/MyDrive/Fall25/EE502/FinalProjects/Ch24/data/spanish/spanish200.mp3,spanish,none,https://accent.gmu.edu/browse_language.php?function=detail&speakerid=2521,
spanish,18,"25, male",https://accent.gmu.edu/soundtracks/spanish201.mp3,"mexico city, mexico",naturalistic,/content/drive/MyDrive/Fall25/EE502/FinalProjects/Ch24/data/spanish/spanish201.mp3,spanish,none,https://accent.gmu.edu/browse_language.php?function=detail&speakerid=2586,
spanish,17,"48, female",https://accent.gmu.edu/soundtracks/spanish202.mp3,"mexico city, mexico",naturalistic,/content/drive/MyDrive/Fall25/EE502/FinalProjects/Ch24/data/spanish/spanish202.mp3,spanish,none,https://accent.gmu.edu/browse_language.php?function=detail&speakerid=2588,
spanish,11,"32, female",https://accent.gmu.edu/soundtracks/spanish203.mp3,"usulutan, el salvador",academic,/content/drive/MyDrive/Fall25/EE502/FinalProjects/Ch24/data/spanish/spanish203.mp3,spanish,none,https://accent.gmu.edu/browse_language.php?function=detail&speakerid=2590,
spanish,8,"21, male",https://accent.gmu.edu/soundtracks/spanish204.mp3,"almeria, spain",academic,/content/drive/MyDrive/Fall25/EE502/FinalProjects/Ch24/data/spanish/spanish204.mp3,spanish,french,https://accent.gmu.edu/browse_language.php?function=detail&speakerid=2602,
spanish,7,"29, male",https://accent.gmu.edu/soundtracks/spanish205.mp3,"cerete, colombia",academic,/content/drive/MyDrive/Fall25/EE502/FinalProjects/Ch24/data/spanish/spanish205.mp3,spanish,french,https://accent.gmu.edu/browse_language.php?function=detail&speakerid=2614,
spanish,4,"21, female",https://accent.gmu.edu/soundtracks/spanish206.mp3,"santiago, chile",academic,/content/drive/MyDrive/Fall25/EE502/FinalProjects/Ch24/data/spanish/spanish206.mp3,spanish,none,https://accent.gmu.edu/browse_language.php?function=detail&speakerid=2615,
spanish,12,"39, female",https://accent.gmu.edu/soundtracks/spanish207.mp3,"ica, peru",academic,/content/drive/MyDrive/Fall25/EE502/FinalProjects/Ch24/data/spanish/spanish207.mp3,spanish,none,https://accent.gmu.edu/browse_language.php?function=detail&speakerid=2684,
spanish,13,"49, male",https://accent.gmu.edu/soundtracks/spanish208.mp3,"santo domingo, dominican republic",academic,/content/drive/MyDrive/Fall25/EE502/FinalProjects/Ch24/data/spanish/spanish208.mp3,spanish,none,https://accent.gmu.edu/browse_language.php?function=detail&speakerid=2692,
spanish,12,"35, female",https://accent.gmu.edu/soundtracks/spanish209.mp3,"lima, peru",naturalistic,/content/drive/MyDrive/Fall25/EE502/FinalProjects/Ch24/data/spanish/spanish209.mp3,spanish,asl,https://accent.gmu.edu/browse_language.php?function=detail&speakerid=2705,
spanish,8,"20, female",https://accent.gmu.edu/soundtracks/spanish210.mp3,"cordoba, argentina",naturalistic,/content/drive/MyDrive/Fall25/EE502/FinalProjects/Ch24/data/spanish/spanish210.mp3,spanish,none,https://accent.gmu.edu/browse_language.php?function=detail&speakerid=2729,
spanish,16,"19, female",https://accent.gmu.edu/soundtracks/spanish211.mp3,"la paz, bolivia",academic,/content/drive/MyDrive/Fall25/EE502/FinalProjects/Ch24/data/spanish/spanish211.mp3,spanish,none,https://accent.gmu.edu/browse_language.php?function=detail&speakerid=2760,
spanish,10,"21, female",https://accent.gmu.edu/soundtracks/spanish212.mp3,"la union, el salvador",academic,/content/drive/MyDrive/Fall25/EE502/FinalProjects/Ch24/data/spanish/spanish212.mp3,spanish,none,https://accent.gmu.edu/browse_language.php?function=detail&speakerid=2761,
spanish,13,"22, male",https://accent.gmu.edu/soundtracks/spanish213.mp3,"loja, ecuador",naturalistic,/content/drive/MyDrive/Fall25/EE502/FinalProjects/Ch24/data/spanish/spanish213.mp3,spanish,none,https://accent.gmu.edu/browse_language.php?function=detail&speakerid=2769,
spanish,26,"45, female",https://accent.gmu.edu/soundtracks/spanish214.mp3,"neiva, colombia",naturalistic,/content/drive/MyDrive/Fall25/EE502/FinalProjects/Ch24/data/spanish/spanish214.mp3,spanish,none,https://accent.gmu.edu/browse_language.php?function=detail&speakerid=2770,
spanish,13,"24, female",https://accent.gmu.edu/soundtracks/spanish215.mp3,"cochabamba, bolivia",academic,/content/drive/MyDrive/Fall25/EE502/FinalProjects/Ch24/data/spanish/spanish215.mp3,spanish,none,https://accent.gmu.edu/browse_language.php?function=detail&speakerid=2791,
spanish,42,"43, female",https://accent.gmu.edu/soundtracks/spanish216.mp3,"caracas, venezuela",academic,/content/drive/MyDrive/Fall25/EE502/FinalProjects/Ch24/data/spanish/spanish216.mp3,spanish,none,https://accent.gmu.edu/browse_language.php?function=detail&speakerid=2801,
spanish,7,"19, female",https://accent.gmu.edu/soundtracks/spanish217.mp3,"bogota, colombia",academic,/content/drive/MyDrive/Fall25/EE502/FinalProjects/Ch24/data/spanish/spanish217.mp3,spanish,french,https://accent.gmu.edu/browse_language.php?function=detail&speakerid=2827,
spanish,8,"19, female",https://accent.gmu.edu/soundtracks/spanish218.mp3,"danli, honduras",academic,/content/drive/MyDrive/Fall25/EE502/FinalProjects/Ch24/data/spanish/spanish218.mp3,spanish,none,https://accent.gmu.edu/browse_language.php?function=detail&speakerid=2829,
spanish,25,"44, female",https://accent.gmu.edu/soundtracks/spanish219.mp3,"santa ana, el salvador",naturalistic,/content/drive/MyDrive/Fall25/EE502/FinalProjects/Ch24/data/spanish/spanish219.mp3,spanish,none,https://accent.gmu.edu/browse_language.php?function=detail&speakerid=2835,
spanish,31,"63, male",https://accent.gmu.edu/soundtracks/spanish220.mp3,"guadalajara, jalisco, mexico",naturalistic,/content/drive/MyDrive/Fall25/EE502/FinalProjects/Ch24/data/spanish/spanish220.mp3,spanish,none,https://accent.gmu.edu/browse_language.php?function=detail&speakerid=2844,
spanish,6,"32, female",https://accent.gmu.edu/soundtracks/spanish221.mp3,"bogota, colombia",academic,/content/drive/MyDrive/Fall25/EE502/FinalProjects/Ch24/data/spanish/spanish221.mp3,spanish,none,https://accent.gmu.edu/browse_language.php?function=detail&speakerid=2861,
spanish,2,"45, female",https://accent.gmu.edu/soundtracks/spanish222.mp3,"villalba, puerto rico",naturalistic,/content/drive/MyDrive/Fall25/EE502/FinalProjects/Ch24/data/spanish/spanish222.mp3,spanish,none,https://accent.gmu.edu/browse_language.php?function=detail&speakerid=2865,
spanish,5,"66, female",https://accent.gmu.edu/soundtracks/spanish223.mp3,"santa rosa, texas, usa",academic,/content/drive/MyDrive/Fall25/EE502/FinalProjects/Ch24/data/spanish/spanish223.mp3,spanish,none,https://accent.gmu.edu/browse_language.php?function=detail&speakerid=2867,
spanish,15,"65, female",https://accent.gmu.edu/soundtracks/spanish224.mp3,"la serena, chile",naturalistic,/content/drive/MyDrive/Fall25/EE502/FinalProjects/Ch24/data/spanish/spanish224.mp3,spanish,none,https://accent.gmu.edu/browse_language.php?function=detail&speakerid=2927,
spanish,10,"18, male",https://accent.gmu.edu/soundtracks/spanish225.mp3,"durango, mexico",academic,/content/drive/MyDrive/Fall25/EE502/FinalProjects/Ch24/data/spanish/spanish225.mp3,spanish,german,https://accent.gmu.edu/browse_language.php?function=detail&speakerid=2933,
spanish,9,"19, male",https://accent.gmu.edu/soundtracks/spanish226.mp3,"los mochis, sinaloa, mexico",academic,/content/drive/MyDrive/Fall25/EE502/FinalProjects/Ch24/data/spanish/spanish226.mp3,spanish,none,https://accent.gmu.edu/browse_language.php?function=detail&speakerid=2934,
spanish,13,"49, female",https://accent.gmu.edu/soundtracks/spanish227.mp3,"durango, durango, mexico",academic,/content/drive/MyDrive/Fall25/EE502/FinalProjects/Ch24/data/spanish/spanish227.mp3,spanish,none,https://accent.gmu.edu/browse_language.php?function=detail&speakerid=2935,
spanish,15,"23, female",https://accent.gmu.edu/soundtracks/spanish228.mp3,"piura, peru",academic,/content/drive/MyDrive/Fall25/EE502/FinalProjects/Ch24/data/spanish/spanish228.mp3,spanish,indonesian french mandarin,https://accent.gmu.edu/browse_language.php?function=detail&speakerid=2938,
spanish,12,"21, male",https://accent.gmu.edu/soundtracks/spanish229.mp3,"tijuana, mexico",naturalistic,/content/drive/MyDrive/Fall25/EE502/FinalProjects/Ch24/data/spanish/spanish229.mp3,spanish,none,https://accent.gmu.edu/browse_language.php?function=detail&speakerid=2944,
spanish,9,"31, female",https://accent.gmu.edu/soundtracks/spanish230.mp3,"cali, colombia",academic,/content/drive/MyDrive/Fall25/EE502/FinalProjects/Ch24/data/spanish/spanish230.mp3,spanish,none,https://accent.gmu.edu/browse_language.php?function=detail&speakerid=2949,
spanish,21,"38, male",https://accent.gmu.edu/soundtracks/spanish231.mp3,"santa ana, el salvador",naturalistic,/content/drive/MyDrive/Fall25/EE502/FinalProjects/Ch24/data/spanish/spanish231.mp3,spanish,none,https://accent.gmu.edu/browse_language.php?function=detail&speakerid=2956,
spanish,7,"39, male",https://accent.gmu.edu/soundtracks/spanish232.mp3,"trujillo, peru",academic,/content/drive/MyDrive/Fall25/EE502/FinalProjects/Ch24/data/spanish/spanish232.mp3,spanish,quechua,https://accent.gmu.edu/browse_language.php?function=detail&speakerid=2966,
spanish,5,"19, female",https://accent.gmu.edu/soundtracks/spanish233.mp3,"buenos aires, argentina",academic,/content/drive/MyDrive/Fall25/EE502/FinalProjects/Ch24/data/spanish/spanish233.mp3,spanish,korean,https://accent.gmu.edu/browse_language.php?function=detail&speakerid=2976,
spanish,13,"51, male",https://accent.gmu.edu/soundtracks/spanish234.mp3,"maracaibo, venezuela",academic,/content/drive/MyDrive/Fall25/EE502/FinalProjects/Ch24/data/spanish/spanish234.mp3,spanish,none,https://accent.gmu.edu/browse_language.php?function=detail&speakerid=2988,
spanish,14,"29, female",https://accent.gmu.edu/soundtracks/spanish235.mp3,"san salvador, el salvador",academic,/content/drive/MyDrive/Fall25/EE502/FinalProjects/Ch24/data/spanish/spanish235.mp3,spanish,none,https://accent.gmu.edu/browse_language.php?function=detail&speakerid=2996,
spanish,9,"57, female",https://accent.gmu.edu/soundtracks/spanish236.mp3,"guatemala city, guatemala",academic,/content/drive/MyDrive/Fall25/EE502/FinalProjects/Ch24/data/spanish/spanish236.mp3,spanish,none,https://accent.gmu.edu/browse_language.php?function=detail&speakerid=3013,
spanish,5,"55, male",https://accent.gmu.edu/soundtracks/spanish237.mp3,"san juan, puerto rico",academic,/content/drive/MyDrive/Fall25/EE502/FinalProjects/Ch24/data/spanish/spanish237.mp3,spanish,none,https://accent.gmu.edu/browse_language.php?function=detail&speakerid=3014,
spanish,14,"25, female",https://accent.gmu.edu/soundtracks/spanish238.mp3,"chalatenango, el salvador",academic,/content/drive/MyDrive/Fall25/EE502/FinalProjects/Ch24/data/spanish/spanish238.mp3,spanish,none,https://accent.gmu.edu/browse_language.php?function=detail&speakerid=3016,
spanish,6,"50, female",https://accent.gmu.edu/soundtracks/spanish239.mp3,"cochabamba, bolivia",academic,/content/drive/MyDrive/Fall25/EE502/FinalProjects/Ch24/data/spanish/spanish239.mp3,spanish,french,https://accent.gmu.edu/browse_language.php?function=detail&speakerid=3019,
spanish,6,"21, male",https://accent.gmu.edu/soundtracks/spanish240.mp3,"mexico city, mexico",academic,/content/drive/MyDrive/Fall25/EE502/FinalProjects/Ch24/data/spanish/spanish240.mp3,spanish,none,https://accent.gmu.edu/browse_language.php?function=detail&speakerid=3023,
spanish,15,"40, female",https://accent.gmu.edu/soundtracks/spanish241.mp3,"la union, el salvador",academic,/content/drive/MyDrive/Fall25/EE502/FinalProjects/Ch24/data/spanish/spanish241.mp3,spanish,none,https://accent.gmu.edu/browse_language.php?function=detail&speakerid=3024,
spanish,4,"21, female",https://accent.gmu.edu/soundtracks/spanish242.mp3,"new york, new york, usa",academic,/content/drive/MyDrive/Fall25/EE502/FinalProjects/Ch24/data/spanish/spanish242.mp3,spanish,none,https://accent.gmu.edu/browse_language.php?function=detail&speakerid=3027,
spanish,7,"23, male",https://accent.gmu.edu/soundtracks/spanish243.mp3,"monterrey, mexico",academic,/content/drive/MyDrive/Fall25/EE502/FinalProjects/Ch24/data/spanish/spanish243.mp3,spanish,german french italian,https://accent.gmu.edu/browse_language.php?function=detail&speakerid=3040,
